Season,Player,GP,GS,MIN,G,A,PTS,SH,SH%,SOG,SOG%,YC,RC,GW,PG,PA,Goals Per 90 ,Assists Per 90,Points Per 90,Yellow Cards Per 90
2019,"Moore, Nick",18,18,1211,4,4,12,39,0.103,15,0.385,2,0,0,0,1,0.297,0.297,0.892,0.149
2019,"Bajek, Chris",18,18,1043,4,1,9,31,0.129,14,0.452,0,0,2,0,0,0.345,0.086,0.777,0.000
2019,"Krom, Floyd",18,8,749,3,2,8,21,0.143,10,0.476,3,0,2,0,0,0.360,0.240,0.961,0.360
2019,"An, Webster",18,11,1053,2,2,6,13,0.154,8,0.615,0,0,1,0,0,0.171,0.171,0.513,0.000
2019,"Orser, Will",18,18,1711,3,0,6,13,0.231,7,0.538,1,0,0,2,2,0.158,0.000,0.316,0.053
2019,"Starks, Max",16,0,604,2,2,6,17,0.118,9,0.529,0,0,0,0,0,0.298,0.298,0.894,0.000
2019,"Muller, Jack",18,18,1499,1,3,5,14,0.071,5,0.357,3,0,1,0,0,0.060,0.180,0.300,0.180
2019,"Foster, Alex",14,0,231,2,0,4,4,0.500,4,1.000,0,0,0,0,0,0.779,0.000,1.558,0.000
2019,"Peak, Danny",18,12,1000,1,1,3,22,0.045,10,0.455,0,0,1,0,0,0.090,0.090,0.270,0.000
2019,"Dono, Thomas",8,0,165,1,0,2,4,0.250,3,0.750,1,0,0,0,0,0.545,0.000,1.091,0.545
2019,"Frankovsky, Quinn",14,11,1003,0,2,2,4,0.000,1,0.250,2,0,0,0,0,0.000,0.179,0.179,0.179
2019,"Stern, Joey",11,0,148,1,0,2,4,0.250,2,0.500,1,0,0,0,0,0.608,0.000,1.216,0.608
2019,"Anwar, Omar",15,13,1041,0,1,1,6,0.000,0,0.000,2,0,0,0,0,0.000,0.086,0.086,0.173
2019,"Chenevert, Etienne",18,18,1645,0,1,1,10,0.000,6,0.600,1,0,0,0,0,0.000,0.055,0.055,0.055
2019,"Anigbogu, Chiagoziem",12,4,321,0,0,0,2,0.000,1,0.500,0,0,0,0,0,0.000,0.000,0.000,0.000
2019,"Davies, Ryan",1,0,5,0,0,0,0,0.000,0,0.000,0,0,0,0,0,0.000,0.000,0.000,0.000
2019,"Ehrsam, Tom",6,3,411,0,0,0,2,0.000,1,0.500,0,0,0,0,0,0.000,0.000,0.000,0.000
2019,"Fair, Sabri",4,0,31,0,0,0,1,0.000,0,0.000,0,0,0,0,0,0.000,0.000,0.000,0.000
2019,"Fink, Cade",17,17,1627,0,0,0,0,0.000,0,0.000,1,0,0,0,0,0.000,0.000,0.000,0.055
2019,"Fuselier, Nick",10,1,127,0,0,0,0,0.000,0,0.000,0,0,0,0,0,0.000,0.000,0.000,0.000
2019,"Kastilahn, Mitchell",1,1,90,0,0,0,0,0.000,0,0.000,0,0,0,0,0,0.000,0.000,0.000,0.000
2019,"Keefe, Aidan",2,0,15,0,0,0,0,0.000,0,0.000,0,0,0,0,0,0.000,0.000,0.000,0.000
2019,"Nsereko, Theo",18,9,721,0,0,0,16,0.000,7,0.438,0,0,0,0,1,0.000,0.000,0.000,0.000
2019,"Parham, Charlie",2,0,35,0,0,0,0,0.000,0,0.000,0,0,0,0,0,0.000,0.000,0.000,0.000
2019,"Shah, Rohit",15,0,313,0,0,0,3,0.000,0,0.000,0,0,0,0,0,0.000,0.000,0.000,0.000
2019,"Wagner, Ben",18,0,479,0,0,0,8,0.000,4,0.500,1,0,0,0,0,0.000,0.000,0.000,0.188
2019,"White, Jackson",18,18,1708,0,0,0,2,0.000,1,0.500,0,0,0,0,0,0.000,0.000,0.000,0.000
2018,"Smith, Clayton",19,19,1027,7,0,14,27,0.259,10,0.370,1,0,2,0,0,0.613,0.000,1.227,0.088
2018,"Benhamida, Jamel",18,16,1240,4,2,10,28,0.143,14,0.500,2,0,3,3,3,0.290,0.145,0.726,0.145
2018,"Harper, Logan",20,19,1473,4,2,10,21,0.190,12,0.571,2,0,2,1,1,0.244,0.122,0.611,0.122
2018,"Krom, Floyd",20,15,818,4,1,9,27,0.148,16,0.593,5,0,2,0,0,0.440,0.110,0.990,0.550
2018,"Wagner, Ben",20,2,704,3,1,7,19,0.158,8,0.421,1,0,1,0,0,0.384,0.128,0.895,0.128
2018,"Moore, Nick",20,15,947,1,4,6,32,0.031,12,0.375,1,0,0,0,0,0.095,0.380,0.570,0.095
2018,"Bajek, Chris",20,5,1041,2,0,4,15,0.133,7,0.467,1,0,0,0,0,0.173,0.000,0.346,0.086
2018,"An, Webster",20,10,1067,1,1,3,13,0.077,6,0.462,0,0,0,0,0,0.084,0.084,0.253,0.000
2018,"Anigbogu, Robert",20,6,666,1,1,3,12,0.083,3,0.250,1,0,1,0,0,0.135,0.135,0.405,0.135
2018,"Kent, Max",18,18,1526,1,1,3,16,0.063,6,0.375,1,0,0,1,1,0.059,0.059,0.177,0.059
2018,"Anwar, Omar",19,14,872,1,0,2,10,0.100,4,0.400,3,0,0,0,0,0.103,0.000,0.206,0.310
2018,"Chenevert, Etienne",12,0,312,1,0,2,4,0.250,2,0.500,0,0,0,0,0,0.288,0.000,0.577,0.000
2018,"Foster, Alex",6,0,175,0,1,1,3,0.000,1,0.333,0,0,0,0,0,0.000,0.514,0.514,0.000
2018,"Nsereko, Theo",13,2,444,0,1,1,8,0.000,5,0.625,0,0,0,0,0,0.000,0.203,0.203,0.000
2018,"Orser, Will",18,17,1520,0,1,1,2,0.000,0,0.000,4,0,0,0,0,0.000,0.059,0.059,0.237
2018,"Ehrsam, Tom",12,1,403,0,0,0,2,0.000,2,1.000,1,0,0,0,0,0.000,0.000,0.000,0.223
2018,"Fair, Sabri",1,0,70,0,0,0,0,0.000,0,0.000,0,0,0,0,0,0.000,0.000,0.000,0.000
2018,"Fuselier, Nick",3,0,74,0,0,0,0,0.000,0,0.000,0,0,0,0,0,0.000,0.000,0.000,0.000
2018,"Holan, Jared",18,1,548,0,0,0,4,0.000,0,0.000,0,0,0,0,0,0.000,0.000,0.000,0.000
2018,"Kastilahn, Mitchell",2,1,82,0,0,0,0,0.000,0,0.000,0,0,0,0,0,0.000,0.000,0.000,0.000
2018,"Keefe, Aidan",5,0,20,0,0,0,0,0.000,0,0.000,0,0,0,0,0,0.000,0.000,0.000,0.000
2018,"Kofman, Seth",18,10,939,0,0,0,13,0.000,2,0.154,0,0,0,0,0,0.000,0.000,0.000,0.000
2018,"Muller, Jack",6,1,188,0,0,0,4,0.000,0,0.000,0,0,0,0,0,0.000,0.000,0.000,0.000
2018,"Peak, Danny",20,7,941,0,0,0,13,0.000,4,0.308,0,0,0,0,0,0.000,0.000,0.000,0.000
2018,"Shah, Rohit",7,0,172,0,0,0,3,0.000,0,0.000,0,0,0,0,0,0.000,0.000,0.000,0.000
2018,"Starks, Max",5,0,140,0,0,0,1,0.000,0,0.000,0,0,0,0,0,0.000,0.000,0.000,0.000
2018,"Wenig, Colton",20,19,1828,0,0,0,0,0.000,0,0.000,0,0,0,0,0,0.000,0.000,0.000,0.000
2018,"White, Jackson",20,20,1567,0,0,0,4,0.000,0,0.000,0,0,0,0,0,0.000,0.000,0.000,0.000
2018,"Wittig, Elo",1,1,15,0,0,0,0,0.000,0,0.000,0,0,0,0,0,0.000,0.000,0.000,0.000
2017,"Burke, Jake",20,20,1081,5,7,17,42,0.119,23,0.548,1,0,1,1,2,0.416,0.583,1.415,0.083
2017,"Baumann, Danny",19,19,823,3,3,9,17,0.176,7,0.412,2,1,0,0,0,0.328,0.328,0.984,0.219
2017,"Moore, Zach",20,11,926,4,1,9,36,0.111,20,0.556,2,0,2,0,0,0.389,0.097,0.875,0.194
2017,"Kofman, Seth",20,17,1064,4,0,8,17,0.235,12,0.706,0,0,2,0,0,0.338,0.000,0.677,0.000
2017,"Kent, Max",20,19,1831,3,1,7,18,0.167,8,0.444,0,0,1,0,0,0.147,0.049,0.344,0.000
2017,"Benhamida, Jamel",20,19,1623,2,1,5,27,0.074,12,0.444,1,0,1,2,3,0.111,0.055,0.277,0.055
2017,"Smith, Clayton",17,9,951,2,1,5,10,0.200,3,0.300,0,0,1,0,0,0.189,0.095,0.473,0.000
2017,"Abramson, Max",20,12,1056,1,2,4,17,0.059,8,0.471,1,0,1,0,0,0.085,0.170,0.341,0.085
2017,"Harper, Logan",13,9,687,1,1,3,6,0.167,4,0.667,1,0,1,0,0,0.131,0.131,0.393,0.131
2017,"Krom, Floyd",16,0,585,0,2,2,10,0.000,5,0.500,3,0,0,0,0,0.000,0.308,0.308,0.462
2017,"Moore, Nick",20,15,828,0,2,2,23,0.000,11,0.478,2,0,0,0,0,0.000,0.217,0.217,0.217
2017,"Nsereko, Theo",9,0,323,1,0,2,5,0.200,4,0.800,0,0,1,0,0,0.279,0.000,0.557,0.000
2017,"Tomecek, Robert",20,19,1596,1,0,2,6,0.167,2,0.333,2,0,1,0,0,0.056,0.000,0.113,0.113
2017,"Bajek, Chris",19,0,752,0,1,1,7,0.000,1,0.143,1,0,0,0,0,0.000,0.120,0.120,0.120
2017,"An, Webster",19,0,765,0,0,0,5,0.000,1,0.200,0,0,0,0,0,0.000,0.000,0.000,0.000
2017,"Barrington, Hunter",1,0,54,0,0,0,0,0.000,0,0.000,0,0,0,0,0,0.000,0.000,0.000,0.000
2017,"Cavasos, Shawn",1,0,18,0,0,0,0,0.000,0,0.000,0,0,0,0,0,0.000,0.000,0.000,0.000
2017,"Chenevert, Etienne",7,0,215,0,0,0,2,0.000,0,0.000,0,0,0,0,0,0.000,0.000,0.000,0.000
2017,"Fink, Cade",3,3,225,0,0,0,0,0.000,0,0.000,0,0,0,0,0,0.000,0.000,0.000,0.000
2017,"Fuselier, Nick",6,0,78,0,0,0,0,0.000,0,0.000,1,0,0,0,0,0.000,0.000,0.000,1.154
2017,"Hall, Pete",4,1,121,0,0,0,0,0.000,0,0.000,0,0,0,0,0,0.000,0.000,0.000,0.000
2017,"Hamaker, Jake",5,1,61,0,0,0,1,0.000,0,0.000,0,0,0,0,1,0.000,0.000,0.000,0.000
2017,"King, Colby",17,14,1355,0,0,0,3,0.000,1,0.333,0,0,0,0,0,0.000,0.000,0.000,0.000
2017,"Kuperwajs, Ionatan",10,1,217,0,0,0,1,0.000,0,0.000,0,0,0,0,0,0.000,0.000,0.000,0.000
2017,"Masters, Theon",6,1,44,0,0,0,2,0.000,1,0.500,0,0,0,0,0,0.000,0.000,0.000,0.000
2017,"Springer, Tristan",14,3,673,0,0,0,0,0.000,0,0.000,0,0,0,0,0,0.000,0.000,0.000,0.000
2017,"Wenig, Colton",18,17,1643,0,0,0,0,0.000,0,0.000,0,0,0,0,0,0.000,0.000,0.000,0.000
2017,"White, Jackson",19,10,988,0,0,0,1,0.000,1,1.000,0,0,0,0,0,0.000,0.000,0.000,0.000
2017,"Winkler, Jonnie",8,0,156,0,0,0,0,0.000,0,0.000,0,0,0,0,0,0.000,0.000,0.000,0.000
2017,"Wittig, Elo",1,0,6,0,0,0,0,0.000,0,0.000,0,0,0,0,0,0.000,0.000,0.000,0.000
2016,"Spurr, Charlie",20,20,1269,5,5,15,38,0.132,13,0.342,2,0,1,2,2,0.355,0.355,1.064,0.142
2016,"Baumann, Danny",17,16,755,5,2,12,21,0.238,10,0.476,1,0,1,0,0,0.596,0.238,1.430,0.119
2016,"Burke, Jake",20,19,1360,4,4,12,48,0.083,16,0.333,2,0,3,0,0,0.265,0.265,0.794,0.132
2016,"Moore, Zach",19,3,764,4,4,12,28,0.143,14,0.500,0,0,2,0,0,0.471,0.471,1.414,0.000
2016,"Burrows, Austin",15,8,692,3,2,8,18,0.167,9,0.500,4,0,2,0,0,0.390,0.260,1.040,0.520
2016,"Cassutt, Elliot",8,0,281,3,0,6,6,0.500,6,1.000,0,0,2,0,0,0.961,0.000,1.922,0.000
2016,"Kuperwajs, Ionatan",20,0,519,2,1,5,15,0.133,8,0.533,0,0,1,0,0,0.347,0.173,0.867,0.000
2016,"Smith, Clayton",20,4,1218,2,1,5,18,0.111,8,0.444,0,0,0,0,0,0.148,0.074,0.369,0.000
2016,"Abramson, Max",19,14,844,1,2,4,15,0.067,7,0.467,0,0,1,0,0,0.107,0.213,0.427,0.000
2016,"Kent, Max",20,20,1876,0,4,4,14,0.000,6,0.429,3,0,0,0,0,0.000,0.192,0.192,0.144
2016,"Benhamida, Jamel",20,18,1531,1,1,3,23,0.043,8,0.348,1,0,0,0,0,0.059,0.059,0.176,0.059
2016,"Harper, Logan",17,17,1234,1,1,3,4,0.250,3,0.750,2,0,0,0,0,0.073,0.073,0.219,0.146
2016,"King, Colby",20,20,1774,1,1,3,5,0.200,2,0.400,2,0,0,0,0,0.051,0.051,0.152,0.101
2016,"Kofman, Seth",20,1,618,0,2,2,4,0.000,2,0.500,0,0,0,0,0,0.000,0.291,0.291,0.000
2016,"Springer, Tristan",18,15,1260,0,1,1,8,0.000,4,0.500,2,0,0,0,0,0.000,0.071,0.071,0.143
2016,"An, Webster",5,0,71,0,0,0,0,0.000,0,0.000,0,0,0,0,0,0.000,0.000,0.000,0.000
2016,"Bajek, Chris",14,1,240,0,0,0,3,0.000,0,0.000,0,0,0,0,0,0.000,0.000,0.000,0.000
2016,"Barrington, Hunter",15,1,529,0,0,0,0,0.000,0,0.000,0,0,0,0,0,0.000,0.000,0.000,0.000
2016,"Bascunan-wiley, Nick",1,1,3,0,0,0,0,0.000,0,0.000,0,0,0,0,0,0.000,0.000,0.000,0.000
2016,"Ehrsam, Tom",4,0,26,0,0,0,0,0.000,0,0.000,0,0,0,0,0,0.000,0.000,0.000,0.000
2016,"Fuselier, Nick",1,0,0,0,0,0,0,0.000,0,0.000,0,0,0,0,0,0.000,0.000,0.000,0.000
2016,"Galvin, Conor",1,0,0,0,0,0,1,0.000,1,1.000,0,0,0,0,0,0.000,0.000,0.000,0.000
2016,"Hall, Pete",4,0,49,0,0,0,0,0.000,0,0.000,0,0,0,0,0,0.000,0.000,0.000,0.000
2016,"Hamaker, Jake",2,0,2,0,0,0,0,0.000,0,0.000,0,0,0,0,0,0.000,0.000,0.000,0.000
2016,"Moore, Nick",7,0,74,0,0,0,2,0.000,0,0.000,0,0,0,0,0,0.000,0.000,0.000,0.000
2016,"Rackstraw, Nathan",2,1,9,0,0,0,0,0.000,0,0.000,0,0,0,0,0,0.000,0.000,0.000,0.000
2016,"Sorenson, Nick",18,1,338,0,0,0,2,0.000,1,0.500,1,0,0,0,0,0.000,0.000,0.000,0.266
2016,"Vainer, Zeke",20,20,1833,0,0,0,0,0.000,0,0.000,0,0,0,0,0,0.000,0.000,0.000,0.000
2016,"Weiss, Elliot",5,1,60,0,0,0,1,0.000,0,0.000,1,0,0,0,0,0.000,0.000,0.000,1.500
2016,"Wenig, Colton",1,0,45,0,0,0,0,0.000,0,0.000,0,0,0,0,0,0.000,0.000,0.000,0.000
2016,"White, Jackson",20,19,1379,0,0,0,4,0.000,1,0.250,0,0,0,0,0,0.000,0.000,0.000,0.000
2015,"Burrows, Austin",19,18,1139,8,4,20,39,0.205,22,0.564,1,0,3,1,1,0.632,0.316,1.580,0.079
2015,"Spurr, Charlie",19,18,1149,8,1,17,32,0.250,17,0.531,2,0,3,1,1,0.627,0.078,1.332,0.157
2015,"Schembri-Wismayer, Alan",21,19,1402,5,6,16,43,0.116,13,0.302,0,0,2,0,0,0.321,0.385,1.027,0.000
2015,"Baumann, Danny",21,2,748,5,4,14,20,0.250,14,0.700,3,0,2,0,0,0.602,0.481,1.684,0.361
2015,"Smith, Clayton",21,4,1141,3,1,7,13,0.231,10,0.769,0,0,0,0,0,0.237,0.079,0.552,0.000
2015,"Springer, Tristan",18,15,1070,3,1,7,17,0.176,8,0.471,2,0,0,0,0,0.252,0.084,0.589,0.168
2015,"Harper, Logan",19,17,1414,2,1,5,6,0.333,4,0.667,2,0,1,0,0,0.127,0.064,0.318,0.127
2015,"Tomecek, Robert",21,21,1925,0,5,5,6,0.000,4,0.667,0,0,0,0,0,0.000,0.234,0.234,0.000
2015,"Wong, Dylan",17,16,833,1,3,5,16,0.063,6,0.375,1,0,1,0,0,0.108,0.324,0.540,0.108
2015,"Burke, Jake",20,20,1396,1,2,4,23,0.043,6,0.261,6,0,0,0,0,0.064,0.129,0.258,0.387
2015,"Abramson, Max",21,6,898,1,1,3,12,0.083,3,0.250,0,0,1,0,0,0.100,0.100,0.301,0.000
2015,"Benhamida, Jamel",21,7,940,1,0,2,8,0.125,4,0.500,2,0,0,0,0,0.096,0.000,0.191,0.191
2015,"Sorenson, Nick",17,0,422,0,2,2,7,0.000,3,0.429,1,0,0,0,0,0.000,0.427,0.427,0.213
2015,"Kuperwais, Ionatan",10,0,253,0,1,1,5,0.000,0,0.000,1,0,0,0,0,0.000,0.356,0.356,0.356
2015,"Vainer, Zeke",21,21,1982,0,1,1,0,0.000,0,0.000,0,0,0,0,0,0.000,0.045,0.045,0.000
2015,"Bliss, Michael",4,0,42,0,0,0,1,0.000,0,0.000,0,0,0,0,0,0.000,0.000,0.000,0.000
2015,"Carlson, Jac",21,21,1887,0,0,0,2,0.000,1,0.500,0,0,0,0,0,0.000,0.000,0.000,0.000
2015,"Cassutt, Elliot",16,0,441,0,0,0,5,0.000,1,0.200,1,0,0,0,0,0.000,0.000,0.000,0.204
2015,"Finegold, Sam",5,1,107,0,0,0,0,0.000,0,0.000,0,0,0,0,0,0.000,0.000,0.000,0.000
2015,"Hall, Pete",8,2,322,0,0,0,1,0.000,1,1.000,1,0,0,0,0,0.000,0.000,0.000,0.280
2015,"King, Colby",21,21,1939,0,0,0,8,0.000,5,0.625,2,0,0,0,0,0.000,0.000,0.000,0.093
2015,"Kofman, Seth",4,0,56,0,0,0,0,0.000,0,0.000,0,0,0,0,0,0.000,0.000,0.000,0.000
2015,"Merrell, Wilson",3,1,25,0,0,0,0,0.000,0,0.000,0,0,0,0,0,0.000,0.000,0.000,0.000
2015,"Moore, Zach",9,0,170,0,0,0,3,0.000,2,0.667,0,0,0,0,0,0.000,0.000,0.000,0.000
2015,"Weiss, Elliot",4,0,71,0,0,0,2,0.000,2,1.000,0,0,0,0,0,0.000,0.000,0.000,0.000
2015,"Wenig, Colton",2,0,8,0,0,0,0,0.000,0,0.000,0,0,0,0,0,0.000,0.000,0.000,0.000
2015,"Zygas, Kovas",4,1,37,0,0,0,0,0.000,0,0.000,0,0,0,0,0,0.000,0.000,0.000,0.000
2014,"Burrows, Austin",19,19,1219,6,3,15,34,0.176,20,0.588,1,0,2,1,1,0.443,0.221,1.107,0.074
2014,"Schembri-Wismayer, Alan",17,16,1228,0,10,10,45,0.000,15,0.333,0,0,0,0,0,0.000,0.733,0.733,0.000
2014,"Spurr, Charlie",19,17,1178,3,4,10,25,0.120,13,0.520,2,0,1,1,1,0.229,0.306,0.764,0.153
2014,"Baumann, Danny",9,1,386,4,0,8,16,0.250,8,0.500,2,0,1,0,0,0.933,0.000,1.865,0.466
2014,"Erickson, Cole",19,19,1694,3,2,8,21,0.143,8,0.381,2,0,2,0,0,0.159,0.106,0.425,0.106
2014,"Wong, Dylan",19,19,1279,3,2,8,30,0.100,15,0.500,1,0,2,0,0,0.211,0.141,0.563,0.070
2014,"Abramson, Max",19,3,759,3,0,6,9,0.333,6,0.667,0,0,0,0,0,0.356,0.000,0.711,0.000
2014,"Kuperwajs, Ionatan",17,0,450,2,1,5,14,0.143,7,0.500,0,0,1,0,0,0.400,0.200,1.000,0.000
2014,"Moore, Zach",8,1,272,1,2,4,10,0.100,5,0.500,0,0,1,0,0,0.331,0.662,1.324,0.000
2014,"Burke, Jake",15,14,1050,0,2,2,12,0.000,4,0.333,1,1,0,0,0,0.000,0.171,0.171,0.086
2014,"Merrell, Wilson",4,0,40,1,0,2,2,0.500,1,0.500,0,0,0,0,0,2.250,0.000,4.500,0.000
2014,"Sorenson, Nick",19,2,583,1,0,2,4,0.250,1,0.250,1,0,0,0,0,0.154,0.000,0.309,0.154
2014,"Hall, Pete",13,2,438,0,1,1,2,0.000,1,0.500,0,0,0,0,0,0.000,0.205,0.205,0.000
2014,"Matsuda, Will",18,1,488,0,1,1,11,0.000,4,0.364,0,0,0,0,0,0.000,0.184,0.184,0.000
2014,"Tomecek, Robert",17,17,1450,0,1,1,11,0.000,6,0.545,0,0,0,0,0,0.000,0.062,0.062,0.000
2014,"Bascunan-Wiley, Nicholas",1,0,32,0,0,0,0,0.000,0,0.000,0,0,0,0,0,0.000,0.000,0.000,0.000
2014,"Bliss, Michael",7,0,212,0,0,0,0,0.000,0,0.000,0,0,0,0,0,0.000,0.000,0.000,0.000
2014,"Carlson, Jac",19,19,1612,0,0,0,1,0.000,1,1.000,0,0,0,0,0,0.000,0.000,0.000,0.000
2014,"Finegold, Sam",7,2,237,0,0,0,1,0.000,0,0.000,0,0,0,0,0,0.000,0.000,0.000,0.000
2014,"Hargens, James",5,0,77,0,0,0,0,0.000,0,0.000,0,0,0,0,0,0.000,0.000,0.000,0.000
2014,"King, Colby",15,13,1274,0,0,0,4,0.000,0,0.000,1,0,0,0,0,0.000,0.000,0.000,0.071
2014,"Liu, Tianyi",1,0,5,0,0,0,0,0.000,0,0.000,0,0,0,0,0,0.000,0.000,0.000,0.000
2014,"Luebbers, Ian",2,0,39,0,0,0,0,0.000,0,0.000,0,0,0,0,0,0.000,0.000,0.000,0.000
2014,"McCrae-Hokenson, Mark",1,1,9,0,0,0,1,0.000,1,1.000,0,0,0,0,0,0.000,0.000,0.000,0.000
2014,"Ped, Jordan",3,1,40,0,0,0,0,0.000,0,0.000,0,0,0,0,0,0.000,0.000,0.000,0.000
2014,"Springer, Tristan",19,18,1365,0,0,0,12,0.000,3,0.250,2,0,0,0,0,0.000,0.000,0.000,0.132
2014,"Vainer, Zeke",19,19,1758,0,0,0,0,0.000,0,0.000,0,0,0,0,0,0.000,0.000,0.000,0.000
2014,"Weiss, Elliot",2,0,33,0,0,0,0,0.000,0,0.000,0,0,0,0,0,0.000,0.000,0.000,0.000
2014,"Zygas, Kovas",8,5,544,0,0,0,4,0.000,1,0.250,2,0,0,0,0,0.000,0.000,0.000,0.331
2013,"Forslund, Robin",17,17,1134,4,4,12,41,0.098,22,0.537,0,0,2,1,1,0.317,0.317,0.952,0.000
2013,"Erickson, Cole",18,18,1681,4,1,9,10,0.400,4,0.400,2,0,0,0,0,0.214,0.054,0.482,0.107
2013,"Schembri-Wismayer, Alan",18,18,1461,3,2,8,31,0.097,13,0.419,0,0,1,0,0,0.185,0.123,0.493,0.000
2013,"Tomecek, Robert",18,15,1482,0,5,5,7,0.000,0,0.000,0,0,0,0,0,0.000,0.304,0.304,0.000
2013,"Wong, Dylan",17,16,1072,0,5,5,9,0.000,2,0.222,0,0,0,0,0,0.000,0.420,0.420,0.000
2013,"Matsuda, Will",17,10,711,2,0,4,10,0.200,3,0.300,0,0,1,0,0,0.253,0.000,0.506,0.000
2013,"Spurr, Charlie",18,8,945,2,0,4,10,0.200,6,0.600,2,0,1,0,0,0.190,0.000,0.381,0.190
2013,"Mackaman, Will",18,18,1123,1,1,3,15,0.067,5,0.333,1,0,0,0,0,0.080,0.080,0.240,0.080
2013,"Burrows, Austin",14,0,387,1,0,2,7,0.143,3,0.429,2,0,0,0,0,0.233,0.000,0.465,0.465
2013,"Calderon, Anthony",7,0,148,1,0,2,3,0.333,1,0.333,1,0,0,0,0,0.608,0.000,1.216,0.608
2013,"Carlson, Jac",18,17,1253,1,0,2,1,1.000,1,1.000,1,0,1,0,0,0.072,0.000,0.144,0.072
2013,"Sorenson, Nicholas",16,0,359,1,0,2,6,0.167,4,0.667,0,0,1,0,0,0.251,0.000,0.501,0.000
2013,"Takigawa, Taro",14,2,439,1,0,2,11,0.091,6,0.545,1,0,1,0,0,0.205,0.000,0.410,0.205
2013,"Kartheiser, Chris",13,3,429,0,1,1,8,0.000,4,0.500,0,0,0,0,0,0.000,0.210,0.210,0.000
2013,"Anderson, Stephen",2,0,31,0,0,0,0,0.000,0,0.000,0,0,0,0,0,0.000,0.000,0.000,0.000
2013,"Blahnik, Mark",2,0,15,0,0,0,0,0.000,0,0.000,0,0,0,0,0,0.000,0.000,0.000,0.000
2013,"Diop, Papa",13,0,256,0,0,0,7,0.000,1,0.143,2,0,0,0,0,0.000,0.000,0.000,0.703
2013,"Dugoni, Ben",18,18,1360,0,0,0,6,0.000,1,0.167,2,0,0,0,0,0.000,0.000,0.000,0.132
2013,"Edwards, Jasper",14,0,294,0,0,0,3,0.000,0,0.000,1,0,0,0,0,0.000,0.000,0.000,0.306
2013,"Finegold, Sam",8,0,162,0,0,0,1,0.000,0,0.000,1,0,0,0,0,0.000,0.000,0.000,0.556
2013,"Hargens, James",4,2,156,0,0,0,0,0.000,0,0.000,0,0,0,0,0,0.000,0.000,0.000,0.000
2013,"Luebbers, Ian",5,0,92,0,0,0,1,0.000,0,0.000,0,0,0,0,0,0.000,0.000,0.000,0.000
2013,"Lund, Paul",18,18,1649,0,0,0,9,0.000,2,0.222,0,0,0,0,0,0.000,0.000,0.000,0.000
2013,"Martin, Peter",1,0,0,0,0,0,0,0.000,0,0.000,0,0,0,0,0,0.000,0.000,0.000,0.000
2013,"Palmer, Devin",4,0,65,0,0,0,0,0.000,0,0.000,0,0,0,0,0,0.000,0.000,0.000,0.000
2013,"Schoenberg, Noah",7,7,578,0,0,0,0,0.000,0,0.000,0,1,0,0,0,0.000,0.000,0.000,0.000
2013,"Vainer, Zeke",12,11,1110,0,0,0,0,0.000,0,0.000,1,0,0,0,0,0.000,0.000,0.000,0.081
2012,"Forslund, Robin",18,18,1178,3,4,10,53,0.057,23,0.434,0,0,2,1,1,0.229,0.306,0.764,0.000
2012,"Mackaman, Will",18,16,1115,3,3,9,15,0.200,8,0.533,0,0,1,0,0,0.242,0.242,0.726,0.000
2012,"Kartheiser, Chris",17,5,589,2,3,7,17,0.118,7,0.412,0,0,0,0,0,0.306,0.458,1.070,0.000
2012,"Calderon, Anthony",12,1,453,2,0,4,13,0.154,8,0.615,1,0,1,0,0,0.397,0.000,0.795,0.199
2012,"Dodd, Eric",15,10,556,1,2,4,13,0.077,3,0.231,2,0,0,0,0,0.162,0.324,0.647,0.324
2012,"Craine, Wilson",15,14,1175,1,1,3,4,0.250,3,0.750,0,0,0,0,0,0.077,0.077,0.230,0.000
2012,"Dugoni, Ben",13,11,648,1,1,3,7,0.143,1,0.143,2,0,0,0,0,0.139,0.139,0.417,0.278
2012,"Lund, Paul",18,18,1634,1,0,2,6,0.167,2,0.333,2,0,0,0,0,0.055,0.000,0.110,0.110
2012,"Palmer, Devin",10,4,380,1,0,2,5,0.200,2,0.400,0,0,0,0,0,0.237,0.000,0.474,0.000
2012,"Rasmussen, Taylor",8,2,409,1,0,2,15,0.067,8,0.533,0,0,0,0,0,0.220,0.000,0.440,0.000
2012,"Wong, Dylan",18,16,881,1,0,2,9,0.111,5,0.556,0,0,0,0,0,0.102,0.000,0.204,0.000
2012,"Anderson, Stephen",16,14,1186,0,1,1,3,0.000,2,0.667,2,0,0,0,0,0.000,0.076,0.076,0.152
2012,"Erickson, Cole",4,4,272,0,1,1,1,0.000,0,0.000,0,0,0,0,0,0.000,0.331,0.331,0.000
2012,"Finegold, Sam",14,5,512,0,1,1,1,0.000,1,1.000,2,0,0,0,0,0.000,0.176,0.176,0.352
2012,"Matsuda, Will",18,2,785,0,1,1,20,0.000,6,0.300,0,0,0,0,0,0.000,0.115,0.115,0.000
2012,"Takigawa, Taro",9,3,435,0,1,1,7,0.000,1,0.143,0,0,0,0,0,0.000,0.207,0.207,0.000
2012,"Yourish, Jesse",16,14,1377,0,1,1,0,0.000,0,0.000,0,0,0,0,0,0.000,0.065,0.065,0.000
2012,"Birch, John",2,1,90,0,0,0,0,0.000,0,0.000,0,0,0,0,0,0.000,0.000,0.000,0.000
2012,"Cameron, David",6,1,239,0,0,0,5,0.000,2,0.400,1,0,0,0,0,0.000,0.000,0.000,0.377
2012,"Carlson, Jac",18,15,1434,0,0,0,2,0.000,1,0.500,1,0,0,0,0,0.000,0.000,0.000,0.063
2012,"Carr, Brian",4,4,285,0,0,0,0,0.000,0,0.000,0,0,0,0,0,0.000,0.000,0.000,0.000
2012,"Diop, Papa",11,5,448,0,0,0,1,0.000,0,0.000,1,0,0,0,0,0.000,0.000,0.000,0.201
2012,"Edwards, Jasper",16,12,1132,0,0,0,7,0.000,2,0.286,0,0,0,0,0,0.000,0.000,0.000,0.000
2012,"Hendersoncharnow, Ian",16,1,544,0,0,0,7,0.000,1,0.143,1,0,0,0,0,0.000,0.000,0.000,0.165
2012,"Hong, Ty",9,1,314,0,0,0,5,0.000,1,0.200,1,0,0,0,0,0.000,0.000,0.000,0.287
2012,"Martin, Peter",4,0,94,0,0,0,0,0.000,0,0.000,0,0,0,0,0,0.000,0.000,0.000,0.000
2012,"Schenck, Forest",8,1,220,0,0,0,0,0.000,0,0.000,1,0,0,0,0,0.000,0.000,0.000,0.409
2012,"Symmes, Tommy",1,0,44,0,0,0,2,0.000,1,0.500,0,0,0,0,0,0.000,0.000,0.000,0.000